都道府県コード又は市区町村コード,NO,都道府県名,市区町村名,管理NO,区,避難所No,避難所名称,所在地,電話1,電話1備考,避難所運営協力自主防災組織,開放区,敷地面積_m2,保有教室等の総面積_m2,救護所,運動場面積_m2,運動場面積_備考,体育館面積_m2,格技場面積_m2,収容可能人員（屋内）,緯度,経度
221390,001,静岡県,浜松市,1,中央区,中央1,浜松中部学園,浜松市中央区松城町108-1,(053)454-6406,,高町、鹿谷町亀山、利町、紺屋町、松城町、元城町、連尺町、肴町、田町、池町、尾張町、元目町、北田町、鍛冶町、千歳町、伝馬町、大工町,体育館、格技場,34782,1734,有,7377,,1472,203,1136,34.713549,137.723111
221390,002,静岡県,浜松市,2,中央区,中央2,東小学校,浜松市中央区中央二丁目2-1,(053)452-3137,,野口町（一部）、八幡町、常盤町、早馬町、東田町、馬込町、松江町、新町、板屋町,体育館、図書室、会議室,15963,2042,有,8920,,1110,0,1051,34.708637,137.740333
221390,003,静岡県,浜松市,3,中央区,中央3,八幡中学校,浜松市中央区野口町1533,(053)461-1200,,野口町（一部）、新津町（遠鉄線路東二～五部）,体育館、南校舎、北校舎、青雲館、相談室,17179,2079,無,9880,,1138,580,1266,34.719044,137.741402
221390,004,静岡県,浜松市,4,中央区,中央4,船越小学校,浜松市中央区船越町29-1,(053)461-1849,,船越町、茄子町（馬込川以西）,体育館、特別教室（一部）,9816,1337,無,5152,,621,0,653,34.718097,137.743911
221390,005,静岡県,浜松市,5,中央区,中央5,西小学校,浜松市中央区鴨江町70-1,(053)452-1171,,鴨江東町、鴨江西町（一部）、鴨江南町、鴨江北町（一部）、栄町、中山町、三組町,体育館、南校舎（特別教室）、北校舎,10796,1623,有,5871,,774,0,799,34.706279,137.72122
221390,006,静岡県,浜松市,6,中央区,中央6,西部中学校,浜松市中央区鴨江二丁目17-1,(053)454-4496,,鴨江西町（一部）,体育館、武徳館、多目的ラボ、金工・木工室、美術室,25878,2262,無,11316,,1272,375,1303,34.702852,137.715423
221390,007,静岡県,浜松市,7,中央区,中央7,鴨江小学校,浜松市中央区西伊場町4-1,(053)452-0925,,鴨江西町（一部）、鴨江北町（一部）、西伊場町、西伊場町西、南伊場町（連絡員）,体育館、北校舎（普通教室）、活動室、多目的ルーム、さわやかルーム（南棟）,17302,1692,無,9026,,775,0,822,34.703088,137.708973
221390,008,静岡県,浜松市,8,中央区,中央8,県居小学校,浜松市中央区東伊場二丁目5-1,(053)452-7505,,元魚町、旅籠町、平田町、塩町、成子町、菅原町東、西菅原町、東伊場、森田町,体育館、北校舎2・3階（普通教室）、図工室,14700,1507,有,7120,,775,0,761,34.698552,137.721457
221390,009,静岡県,浜松市,9,中央区,中央9,追分小学校,浜松市中央区布橋一丁目9-1,(053)472-1281,,名残、布橋南（一部）、追分、東上池川、西上池川,体育館、南校舎（一部）、北校舎プレイルーム,14980,1600,有,4956,,642,0,747,34.720515,137.719913
221390,010,静岡県,浜松市,10,中央区,中央10,広沢小学校,浜松市中央区広沢二丁目51-1,(053)454-8335,,広沢、山手町（一部）,体育館、第一音楽室、くすのきルーム,14676,2384,有,4815,,1003,0,1129,34.716606,137.713263
221390,011,静岡県,浜松市,11,中央区,中央11,北部中学校,浜松市中央区文丘町28-1,(053)471-4228,,布橋南（一部）、布橋北、文丘町、和地山（三丁目）、富塚町東（第一部）,体育館、武道場（赫武館）、北館、西館,17736,2474,無,10239,,864,597,1312,34.727034,137.71451
221390,012,静岡県,浜松市,12,中央区,中央12,蜆塚中学校,浜松市中央区蜆塚二丁目15-1,(053)453-0171,,蜆塚一区～三区、山手町（一部）,体育館、特別活動室、木工室、金工室,20722,2902,無,12005,,934,0,1279,34.714058,137.708573
221390,013,静岡県,浜松市,13,中央区,中央13,竜禅寺小学校,浜松市中央区龍禅寺町844,(053)452-0683,,寺島町、北寺島東町、北寺島西町、北寺島本町、駅南団地,体育館、南校舎（普通教室）、特別教室（一部）,13002,1603,有,4995,,774,0,792,34.698276,137.743167
221390,014,静岡県,浜松市,14,中央区,中央14,南部中学校,浜松市中央区龍禅寺町706,(053)454-4591,,龍禅寺町、浅田町東（新川以東）,体育館、北校舎（普通教室）、特別教室棟、図書室,17223,3320,無,8605,,1659,0,1660,34.694346,137.738349
221390,015,静岡県,浜松市,15,中央区,中央15,双葉小学校,浜松市中央区海老塚二丁目5-1,(053)452-0280,,砂山町第一～第六、海老塚,体育館、特別教室（一部）、普通教室,10030,3545,無,4834,,778,0,1441,34.699887,137.732115
221390,016,静岡県,浜松市,16,中央区,中央16,浅間小学校,浜松市中央区西浅田二丁目12-1,(053)441-1706,,浅田町東（新川以西）、西浅田、南浅田、上浅田一・二丁目,体育館、北校舎（普通教室）、南校舎（普通教室）、児童会室、生活科室,14144,1932,有,7362,,1005,0,979,34.692077,137.726709
221390,017,静岡県,浜松市,17,中央区,中央17,江西中学校,浜松市中央区神田町123,(053)441-1010,,春日町、神田町東、神田町西、南栄、瓜内町（馬込川以西）,体育館、格技場、校舎（普通教室）,21078,1904,無,12873,,1040,455,1133,34.688528,137.726674
221390,018,静岡県,浜松市,18,中央区,中央18,（旧）北小学校,浜松市中央区山下町192,-,,山下町、中沢町、元浜町、下池川町,体育館,11997,0,有,6864,,967,0,322,34.718435,137.730359
221390,019,静岡県,浜松市,19,中央区,中央19,相生小学校,浜松市中央区向宿三丁目8-1,(053)461-0830,,向宿、名塚町、領家町、中島町本町、中島町諏訪（一部）、中島町市場（一部）,体育館、多目的室、特別教室（一部）,18549,2160,有,9734,,1005,0,1055,34.701552,137.752371
221390,020,静岡県,浜松市,20,中央区,中央20,佐藤小学校,浜松市中央区佐藤二丁目32-1,(053)461-0379,,佐藤西町、佐藤南町、佐藤中町、天神町（国道以北）,体育館、会議室、多目的ホール、プレイルーム,15687,1649,有,7614,,775,0,808,34.71483,137.748461
221390,021,静岡県,浜松市,21,中央区,中央21,東部協働センター,浜松市中央区相生町23-1,(053)462-1092,,木戸町、相生町、天神町（国道以南）、中島町諏訪（一部）、中島町市場（一部）、向宿（一部）,ホール、小会議室、会議室、講座室、実習室、和室,2756,426,無,0,,0,0,142,34.706764,137.748665
221390,022,静岡県,浜松市,22,中央区,中央22,城北小学校,浜松市中央区住吉一丁目23-1,(053)471-0196,,西上池川（一部）、和地山（一・二丁目）、住吉（一部）,体育館、北校舎（開放教室）、南校舎（開放教室）、放課後児童会室,17559,1892,無,7527,,865,0,919,34.731863,137.731457
221390,023,静岡県,浜松市,23,中央区,中央23,高台中学校,浜松市中央区住吉五丁目19-1,(053)471-5474,,住吉（一部）、幸（一部）,体育館、特別活動室、柔道場、卓球場,20474,2870,無,12384,,966,0,1279,34.735467,137.730495
221390,024,静岡県,浜松市,24,中央区,中央24,泉小学校,浜松市中央区泉一丁目16-1,(053)472-5228,,泉、和合町,体育館、南校舎（普通教室、一部特別教室）、北校舎（普通教室、一部特別教室）,22092,2017,無,14869,,685,0,901,34.739747,137.721233
221390,025,静岡県,浜松市,25,中央区,中央25,萩丘小学校,浜松市中央区幸五丁目12-1,(053)471-4246,,幸（一部）、萩丘、小豆餅,体育館、北棟（一部特別教室）、中棟（コミュニティルーム）,14850,2216,有,5775,,861,0,1026,34.746838,137.725932
221390,026,静岡県,浜松市,26,中央区,中央26,葵が丘小学校,浜松市中央区高丘東三丁目51-1,(053)436-1461,,葵東、高丘（一部）、,体育館、特別教室（一部）,17132,1986,無,12663,,789,0,925,34.762572,137.71635
221390,027,静岡県,浜松市,27,中央区,中央27,瑞穂小学校,浜松市中央区高丘北三丁目15-8,(053)436-7158,,高丘（一部）,体育館、北校舎（普通教室）、南校舎（普通教室）,20105,2262,無,9362,,1011,0,1091,34.759406,137.715207
221390,028,静岡県,浜松市,28,中央区,中央28,開成中学校,浜松市中央区高丘北一丁目15-20,(053)437-1421,,高丘（一部）,体育館、特別活動室、支援室,24057,2628,有,11085,,1078,0,1235,34.760119,137.707756
221390,029,静岡県,浜松市,29,中央区,中央29,葵西小学校,浜松市中央区葵西二丁目25-1,(053)436-6652,,葵西,体育館、校舎1階教室,18201,2002,無,7466,,775,0,926,34.767881,137.7106
221390,030,静岡県,浜松市,30,中央区,中央30,曳馬小学校,浜松市中央区曳馬一丁目1-35,(053)471-4201,,新津町（遠鉄線路沿一部）、助信町、高林、曳馬町金屋,体育館、ひくまのホール、北校舎（特別教室）、南校舎（普通教室）、和室、洋室,17420,2463,無,9147,,775,0,1079,34.726794,137.738448
221390,031,静岡県,浜松市,31,中央区,中央31,上島小学校,浜松市中央区上島一丁目21-1,(053)471-3195,,曳馬町阿弥陀、十軒町（馬込川以西）、上島町東、上島町西、上島町南、上島町北,体育館、多目的ホール、普通教室,16536,3305,無,8551,,1216,0,1507,34.735947,137.741005
221390,032,静岡県,浜松市,32,中央区,中央32,曳馬中学校,浜松市中央区曳馬四丁目2-15,(053)461-9737,,曳馬町三浦、曳馬町本郷、曳馬町宮,体育館、多目的室、南校舎（一部特別教室）,23110,3114,有,11500,,1272,0,1462,34.730255,137.741549
221390,033,静岡県,浜松市,33,中央区,中央33,富塚小学校,浜松市中央区富塚町1803,(053)471-0203,,富塚町北、富塚町中,体育館、普通教室、つくし2組教室、つくし3組教室,10777,1786,有,7312,,631,0,806,34.726299,137.703289
221390,034,静岡県,浜松市,34,中央区,中央34,富塚西小学校,浜松市中央区富塚町3541,(053)474-6333,,富塚町西、西和,体育館、図工室、たんぽぽルーム、北校舎（一部普通教室、一部特別教室）,26059,1558,無,10799,,775,0,778,34.729343,137.69985
221390,035,静岡県,浜松市,35,中央区,中央35,富塚中学校,浜松市中央区富塚町460-1,(053)471-5261,,富塚町東（第二～五部）、富塚町御前谷,体育館、柔剣道場,25243,2710,無,10772,,1272,455,1479,34.721541,137.702679
221390,036,静岡県,浜松市,36,中央区,中央36,花川小学校,浜松市中央区花川町781,(053)436-1401,,花川町一部、花川町二部、花川町三部、西丘町、,体育館、特別教室（一部）,12534,1014,有,9586,,972,0,662,34.774444,137.685818
221390,037,静岡県,浜松市,37,中央区,中央37,佐鳴台小学校,浜松市中央区佐鳴台三丁目31-1,(053)448-6768,,佐鳴台一～三丁目、六丁目,体育館、普通教室（一部）、特別教室（一部）、グリーンルーム,21562,2328,有,11513,,775,0,1034,34.706052,137.696724
221390,038,静岡県,浜松市,38,中央区,中央38,佐鳴台中学校,浜松市中央区佐鳴台三丁目32-1,(053)449-2231,,佐鳴台三丁目県営住宅、四・五丁目,体育館、柔剣道場、校舎1階（一部特別教室）、技術棟金工室,25713,2273,無,12389,,1060,455,1263,34.706755,137.698484
221390,039,静岡県,浜松市,39,中央区,中央39,笠井小学校,浜松市中央区笠井町1050,(053)434-1042,,笠井町第一、第二、第五、第六、第七、第八,体育館,16297,1745,無,7632,,775,0,840,34.771162,137.795304
221390,040,静岡県,浜松市,40,中央区,中央40,豊西小学校,浜松市中央区豊西町1551,(053)434-1165,,豊西町上、豊西町下、常光町、貴平町上、貴平町下、恒武町上、恒武町下、豊町上、豊町下、豊町西、豊町南、豊町羽鳥、豊町倉中瀬上、豊町倉中瀬下,体育館、北校舎,16693,1572,無,9334,,751,0,774,34.767297,137.804187
221390,041,静岡県,浜松市,41,中央区,中央41,笠井中学校,浜松市中央区笠井町1055,(053)434-1079,,笠井上町、笠井町第三、笠井新田町第一～第三,体育館、特別活動室,19574,2660,有,9794,,808,0,1156,34.771233,137.792729
221390,042,静岡県,浜松市,42,中央区,中央42,与進小学校,浜松市中央区天王町1351,(053)421-1542,,市野町東（一部）、市野町南（一部）、原島町、天王町東（一部）、天王町西、天王町中,体育館、南北校舎（一部）,22826,2651,有,10140,,1131,0,1261,34.741025,137.771218
221390,043,静岡県,浜松市,43,中央区,中央43,与進中学校,浜松市中央区市野町1405-1,(053)421-1558,,上石田町、市野町東（一部）、天王町東（一部）、下石田町,講堂兼体育館、特別活動室（若草ホール）,23184,3056,無,10176,,1551,0,1536,34.743422,137.777708
221390,044,静岡県,浜松市,44,中央区,中央44,与進北小学校,浜松市中央区市野町2715,(053)421-6976,,市野町南（一部）、市野町北、小池町、鷺の宮団地（南団地）、中田町,体育館、校舎の一部,18103,1861,無,10132,,775,0,879,34.746739,137.765744
221390,045,静岡県,浜松市,45,中央区,中央45,和田小学校,浜松市中央区薬師町273-2,(053)421-0134,,和田町、天竜川町、篠ヶ瀬町、北島町、薬師町、青屋町（青屋上地区）,体育館、南北校舎一部,14562,2233,有,7088,,979,0,1071,34.724941,137.782906
221390,046,静岡県,浜松市,46,中央区,中央46,天竜中学校,浜松市中央区龍光町43,(053)421-0172,,安間町（一部）、龍光町（一部）、長鶴町（一部）、薬新町（一部）、薬新団地,体育館、特別活動室、南校舎一部,26116,3160,無,14012,,1080,0,1413,34.721493,137.786926
221390,047,静岡県,浜松市,47,中央区,中央47,和田東小学校,浜松市中央区安間町437-2,(053)422-0125,,安新町、安間町（一部）、材木町、龍光町（一部）、長鶴町（一部）、薬新町（一部）,体育館、音楽室、図工室、多目的教室,19855,1511,無,9322,,775,0,762,34.720965,137.789148
221390,048,静岡県,浜松市,48,中央区,中央48,中ノ町小学校,浜松市中央区中野町427-1,(053)421-0059,,松小池町、国吉町、中野町東、中野町西、中野町南、中野町北、中野町大明神、白鳥町、中里町,体育館、校舎3・4階普通教室以外,13389,1528,有,5193,,629,0,719,34.730183,137.793135
221390,049,静岡県,浜松市,49,中央区,中央49,積志小学校,浜松市中央区積志町1497-1,(053)434-0027,,西ヶ崎町沖、大瀬町西、積志町橋爪向、積志町吾妻、積志町松木、積志町漆島、有玉北町新村,体育館、校舎3階ドリームルーム、図工室,20804,3181,有,8706,,1008,0,1396,34.765934,137.760338
221390,050,静岡県,浜松市,50,中央区,中央50,積志中学校,浜松市中央区有玉北町1200,(053)434-0143,,有玉北町上瀬、有玉北町小島、半田町、半田山北、半田団地、旭ヶ丘、医大宿舎,体育館、武道館,26209,2881,無,20459,,1086,455,1474,34.765304,137.757718
221390,051,静岡県,浜松市,51,中央区,中央51,中郡小学校,浜松市中央区中郡町915,(053)433-0927,,中郡町橋爪東、中郡町橋爪新田、西ヶ崎町旭、西ヶ崎町上、西ヶ崎町中,体育館（西ヶ崎町住民）、南校舎（橋爪東、新田住民）,24108,1920,無,17908,,1052,0,991,34.770871,137.773948
221390,052,静岡県,浜松市,52,中央区,中央52,大瀬小学校,浜松市中央区大瀬町2218,(053)434-4620,,鷺の宮団地（北・中団地）、大島町上前島、大瀬町栩木、大瀬町東、大瀬町中、鷺の宮北部,体育館、校舎1・2階一部,21513,1457,無,15980,,664,0,707,34.756738,137.772822
221390,053,静岡県,浜松市,53,中央区,中央53,有玉小学校,浜松市中央区有玉南町614,(053)435-0051,,有玉西町欠下平、有玉欠下本村、有玉台、有玉団地、東畑屋、有玉南町西畑屋、有玉南町川原本村、有玉南町市場、有玉南町下村新田、有玉北町町田,体育館、校舎1階一部,17969,1918,無,9500,,775,0,898,34.758005,137.750315
221390,054,静岡県,浜松市,54,中央区,中央54,中郡中学校,浜松市中央区中郡町897,(053)433-2717,,中郡町万斛東、中郡町万斛西、大島町上大瀬、積志町橋爪西,体育館、特別活動室,24058,2480,有,11583,,1078,0,1186,34.769088,137.774929
221390,055,静岡県,浜松市,55,中央区,中央55,蒲小学校,浜松市中央区神立町5,(053)461-2644,,神立町、将監町、植松町、子安町、大蒲町、宮竹町、西塚町、子安団地,体育館、南北校舎一部,14144,2645,有,7891,,1099,0,1248,34.71704,137.757912
221390,056,静岡県,浜松市,56,中央区,中央56,丸塚中学校,浜松市中央区丸塚町1050,(053)461-8724,,茄子町（馬込川以東）、細島町、十軒町（馬込川以東）、早出町、丸塚町、上新屋町、上西町,体育館、特別活動室、技術室棟,21514,2945,無,18139,,1020,0,1322,34.726028,137.754393
221390,057,静岡県,浜松市,57,中央区,中央57,神久呂小学校,浜松市中央区神ケ谷町3490,(053)485-8508,,西山町、神原町,体育館、北校舎教室,20168,1868,無,11872,,1099,0,989,34.726888,137.669204
221390,058,静岡県,浜松市,58,中央区,中央58,神久呂中学校,浜松市中央区大久保町6633,(053)485-8519,,神ケ谷町、大久保町,体育館、特別活動室、図書室、教材室,27810,1724,有,20320,,812,0,845,34.725152,137.665401
221390,059,静岡県,浜松市,59,中央区,中央59,入野小学校,浜松市中央区入野町8757,(053)447-1009,,入野町彦尾、入野町本所、入野町道陸地、入野町北脇、入野町田端（一部）,体育館、ふれあいルーム、図書室、家庭科室、図工室、音楽室、多目的室,14388,2458,無,7508,,1011,0,1156,34.699496,137.686073
221390,060,静岡県,浜松市,60,中央区,中央60,入野中学校,浜松市中央区入野町17059,(053)447-1104,,入野町臨江山、入野町南平、県営南平団地、入野町田端（一部）,体育館、特別活動室、木工室、金工室,28276,2776,有,8397,,1040,0,1272,34.701802,137.676968
221390,061,静岡県,浜松市,61,中央区,中央61,西都台小学校,浜松市中央区西鴨江町1106,(053)449-1336,,西鴨江、志都呂町、志都呂団地,体育館,21993,1410,無,10488,,775,0,728,34.703309,137.664212
221390,062,静岡県,浜松市,62,中央区,中央62,伊佐見小学校,浜松市中央区伊左地町5644,(053)486-0007,,伊左地町、瞳ケ丘（一部）、緑ヶ丘,体育館、生活科室、ランチルーム、多目的室,18806,2179,無,10524,,659,0,946,34.745386,137.655558
221390,063,静岡県,浜松市,63,中央区,中央63,湖東中学校,浜松市中央区佐浜町4540,(053)486-0054,,湖東町、佐浜町（一部）,体育館、南館校舎の一部教室,35557,3609,有,24864,,1104,0,1571,34.756525,137.658981
221390,064,静岡県,浜松市,64,中央区,中央64,佐浜会館,浜松市中央区佐浜町1933-1,-,,佐浜町（一部）,ホール、和室,925,206,無,925,（敷地）,0,0,69,34.742638,137.644667
221390,065,静岡県,浜松市,65,中央区,中央65,和地小学校,浜松市中央区湖東町2005,(053)486-0107,,和地町、大山町、和光町、湖東団地、湖東西、桜台,体育館、各階教室,21712,2193,有,11073,,1010,0,1068,34.766641,137.666822
221390,066,静岡県,浜松市,66,中央区,中央66,篠原小学校,浜松市中央区篠原町10300,(053)447-2009,,篠原町東、篠原町西（一部）、坪井町、馬郡町舞阪駅前,体育館、家庭科室、理科室、図工室、第2音楽室、多目的室,20589,2536,有,9309,,1032,0,1189,34.683801,137.656429
221390,067,静岡県,浜松市,67,中央区,中央67,篠原中学校,浜松市中央区篠原町20200-1,(053)447-2109,,馬郡町、篠原町西（一部）,体育館、特別教室,23654,2444,無,12420,,1140,250,1278,34.681782,137.657744
221390,068,静岡県,浜松市,68,中央区,中央68,庄内学園（庄内小中学校）,浜松市中央区庄内町100,(053)487-0063,,舘山寺町、庄内町、深萩町、呉松町、平松町、白洲町（一部）、協和町、庄和町,体育館、潮鳴館（柔剣道場）,32979,5422,有,23867,,1040,455,2306,34.754981,137.608045
221390,069,静岡県,浜松市,69,中央区,中央69,村櫛小学校,浜松市中央区村櫛町2551,(053)489-2824,,村櫛町,体育館、校舎（図工室、理科室、音楽室、普通教室）,12800,1224,有,7405,,806,0,677,34.728335,137.595255
221390,070,静岡県,浜松市,70,中央区,中央70,白洲公民館,浜松市中央区白洲町3850-1,-,,白洲町（一部）,ホール、2階和室,1401,312,無,845,,0,0,104,34.735378,137.62376
221390,071,静岡県,浜松市,71,中央区,中央71,大平台小学校,浜松市中央区大平台三丁目6-1,(053)482-1161,,大平台,体育館、なかよしホール,20894,2514,無,11250,,1225,0,1246,34.714775,137.680708
221390,072,静岡県,浜松市,72,中央区,中央72,はまゆう図書館,浜松市中央区大人見町1750-394,(053)482-1127,,ゆう・おおひとみ、大人見町、古人見町、瞳ケ丘（一部）,閲覧室フロア、講座室、おはなしの部屋、グループ学習室,10109,1200,無,0,,0,0,400,34.737856,137.65768
221390,073,静岡県,浜松市,73,中央区,中央73,舞阪第1保育園,浜松市中央区舞阪町弁天島3885,(053)592-0004,,第一弁天島、第二弁天島,園舎（保育室、遊戯室、沐浴室、給食室）,1906,525,無,265,,0,0,175,34.692889,137.604046
221390,074,静岡県,浜松市,74,中央区,中央74,舞阪小学校,浜松市中央区舞阪町舞阪76,(053)592-0144,,西町、仲町、吹上,体育館、北校舎1階普通教室の一部,16138,2505,有,8885,,1629,0,1378,34.685928,137.611126
221390,075,静岡県,浜松市,75,中央区,中央75,舞阪第2保育園,浜松市中央区舞阪町舞阪2659-3,(053)592-3552,,新町,園舎（保育室、遊戯室、休憩室）,2325,655,無,293,,0,0,218,34.683246,137.613663
221390,076,静岡県,浜松市,76,中央区,中央76,舞阪幼稚園,浜松市中央区舞阪町舞阪2668-33,-,,砂町,園舎（遊戯室、2なかよしの部屋、2普通クラス）,5232,2978,無,800,,0,0,993,34.679972,137.610317
221390,077,静岡県,浜松市,77,中央区,中央77,舞阪中学校,浜松市中央区舞阪町舞阪4601,(053)592-0274,,仲町、新町、長池,体育館､格技場、ホール、被服室,26897,2631,無,15762,,2070,597,1766,34.679006,137.615191
221390,078,静岡県,浜松市,78,中央区,中央78,渚園,浜松市中央区舞阪町弁天島5005-1,(053)592-1525,,第二弁天島,キャンプ場、レストハウス,155027,370,無,81000,,0,0,123,34.697544,137.605752
221390,079,静岡県,浜松市,79,中央区,中央79,舞阪総合体育館,浜松市中央区舞阪町舞阪2623-32,(053)597-2800,,仲町、新町,体育室、卓球室、会議室,5476,0,無,0,,3980,0,1327,34.679391,137.612845
221390,080,静岡県,浜松市,80,中央区,中央80,雄踏小学校,浜松市中央区雄踏町宇布見7997-1,(053)592-1029,,西ヶ崎・雄踏パーク,体育館、にこにこルーム2･3,32393,2882,無,7647,,1265,0,1382,34.701617,137.632509
221390,081,静岡県,浜松市,81,中央区,中央81,雄踏中学校,浜松市中央区雄踏町宇布見9595,(053)592-1107,,小山・領家,体育館,64837,3800,無,27574,,3150,605,2518,34.694593,137.633248
221390,082,静岡県,浜松市,82,中央区,中央82,雄踏文化センター,浜松市中央区雄踏町宇布見5427,(053)596-1100,,中村・田端・つるが丘,多目的ホール、2和室、児童コーナー,15051,1825,有,0,,0,0,608,34.701573,137.634522
221390,083,静岡県,浜松市,83,中央区,中央83,雄踏総合体育館,浜松市中央区雄踏町宇布見9981-1,(053)597-3500,,浅羽・山崎,メインアリーナ、サブアリーナ,9948,0,無,0,,2164,0,721,34.702593,137.617484
221390,084,静岡県,浜松市,84,中央区,中央84,白脇小学校,浜松市中央区寺脇町431,(053)441-0693,,三島町、寺脇町、福塚町、中田島町、白羽町、瓜内町（馬込川以東）、楊子町、ビレッジハウス浜松,体育館、南校舎・北校舎の一部,12244,2289,有,5183,,778,0,1022,34.681858,137.74484
221390,085,静岡県,浜松市,85,中央区,中央85,砂丘小学校,浜松市中央区白羽町2512,(053)441-3375,,砂丘,体育館、校舎の一部,22646,1581,有,18437,,585,0,722,34.667704,137.726005
221390,086,静岡県,浜松市,86,中央区,中央86,新津小学校,浜松市中央区新橋町777,(053)447-0044,,新橋町東、堤町、米津町、田尻町、法枝町、卸本町,体育館、北校舎の一部,20218,2386,有,10808,,1011,0,1132,34.682733,137.703102
221390,087,静岡県,浜松市,87,中央区,中央87,新津中学校,浜松市中央区新橋町748,(053)447-0129,,新橋町西、小沢渡町、小沢渡町西、倉松町,体育館、南校舎・北校舎の一部,21957,2418,無,12525,,1138,0,1185,34.683361,137.701274
221390,088,静岡県,浜松市,88,中央区,中央88,河輪小学校,浜松市中央区東町333,(053)425-0036,,東町、河輪町上、河輪町下、三新町、長田町,体育館、校舎の一部,20483,1380,有,13075,,757,0,712,34.676083,137.782585
221390,089,静岡県,浜松市,89,中央区,中央89,東陽中学校,浜松市中央区西町700,(053)425-1862,,西町、富屋町、鼡野町、御給町、下江町、四本松町、立野町、古川町、金折町、老間町、老間団地,体育館、武道場、木工室、金工室,22412,2201,無,10793,,927,455,1194,34.681041,137.777745
221390,090,静岡県,浜松市,90,中央区,中央90,芳川小学校,浜松市中央区芳川町206-1,(053)461-0020,,石原町、安松町、芳川町神出、芳川町大橋、大柳町,体育館、校舎（西棟）の一部,16468,2042,無,6948,,1011,0,1018,34.69252,137.766415
221390,091,静岡県,浜松市,91,中央区,中央91,南陽中学校,浜松市中央区芳川町80,(053)461-2494,,本郷町（公会堂以南）、本郷町東（3区）、参野町、恩地町、都盛町、県営芳川団地,体育館、北校舎の一部,21584,2877,有,11771,,1078,859,1605,34.693679,137.764867
221390,092,静岡県,浜松市,92,中央区,中央92,芳川北小学校,浜松市中央区頭陀寺町1046-1,(053)463-7231,,本郷町（公会堂以北）、本郷町東（1区、2区）、頭陀寺町、西伝寺町,体育館、北校舎の一部,20086,2066,無,11124,,1011,0,1026,34.698938,137.760932
221390,093,静岡県,浜松市,93,中央区,中央93,飯田小学校,浜松市中央区飯田町978,(053)461-3740,,渡瀬町、飯田町田畑、飯田町上組、飯田町新田、飯田町西、飯田町開戸、鶴見町東、鶴見町西、南天竜、青屋町（青屋上地区以外）,体育館、中校舎、北校舎、南校舎の一部,14458,2093,有,7440,,773,0,955,34.706426,137.774084
221390,094,静岡県,浜松市,94,中央区,中央94,東部中学校,浜松市中央区飯田町1038,(053)461-0231,,三和町、下飯田町、新貝町、大塚町,体育館、特別活動室,25147,3319,無,14562,,1500,0,1606,34.703083,137.773963
221390,095,静岡県,浜松市,95,中央区,中央95,可美小学校,浜松市中央区若林町1748,(053)447-0043,,若林町東、若林町西、若林町北、東若林町,体育館、校舎（南校舎・南校舎東棟・北校舎東棟・北校舎西棟）の一部,18347,2750,有,8981,,1032,0,1261,34.689622,137.695405
221390,096,静岡県,浜松市,96,中央区,中央96,可美中学校,浜松市中央区増楽町700,(053)447-0127,,高塚町南、高塚町北、増楽町,体育館、格技場棟の一部,16765,2747,無,11701,,941,625,1438,34.687932,137.690783
221390,097,静岡県,浜松市,97,中央区,中央97,南の星小学校,浜松市中央区西島町1148-1,(053)425-6900,,西島町東、西島町西、松島町、江之島町、福島町、遠州浜第一～第五,体育館、校舎（西棟）の一部,18401,8536,有,8053,,1183,0,3240,34.662615,137.768259
221390,098,静岡県,浜松市,98,中央区,中央98,三方原小学校,浜松市中央区三方原町682,(053)436-6200,,三方原町三方原南、三方原町三方原、百里園,体育館、東校舎一階、職員更衣室,17258,1845,有,8330,,979,0,941,34.778061,137.712186
221390,099,静岡県,浜松市,99,中央区,中央99,豊岡小学校,浜松市中央区豊岡町22,(053)436-1107,,百園、東三方町、豊岡町、三幸町、東三方町官舎、三方原聖隷（連絡員）,体育館、北校舎（一部特別教室）,35874,2212,有,12214,,802,0,1005,34.78696,137.719417
221390,100,静岡県,浜松市,100,中央区,中央100,北星中学校,浜松市中央区初生町1305,(053)436-1106,,初生町北（第一・第二）、初生町追分（一部）,体育館、特別活動室、多目的ホール,25668,3012,無,12583,,1272,0,1428,34.768721,137.715618
221390,101,静岡県,浜松市,101,中央区,中央101,初生小学校,浜松市中央区初生町1001-2,(053)437-0718,,初生町南、初生町北（第三）、初生町中、初生町追分（一部）,体育館、普通教室、一部特別教室,19339,1982,無,7975,,764,0,915,34.768903,137.727457
221390,102,静岡県,浜松市,102,中央区,中央102,三方原中学校,浜松市中央区豊岡町196,(053)436-7823,,三方原町清水、根洗町、大原町、,体育館、特別活動室、木工室、金工室、被服室,22796,2745,無,13763,,1066,0,1270,34.789034,137.719594
221390,103,静岡県,浜松市,103,浜名区,浜名1,都田小学校,浜松市浜名区都田町5609-2,(053)428-2004,,都田町横尾、都田町谷上、都田町一色、都田町吉影、都田町中野,体育館、図工室、音楽室、多目的室,7572,1047,有,2698,,719,0,589,34.827495,137.71715
221390,104,静岡県,浜松市,104,浜名区,浜名2,都田中学校,浜松市浜名区都田町5824-18,(053)428-2024,,都田町新木、都田町須部、鷲沢町、滝沢町,体育館、柔剣道場,27382,1531,無,14576,,1160,403,1031,34.833002,137.720516
221390,105,静岡県,浜松市,105,浜名区,浜名3,都田南小学校,浜松市浜名区都田町8756,(053)428-2046,,都田町川山、都田町中津、都田町沢上、都田町白昭、都田町前原、新都田二丁目・三丁目・五丁目,体育館、ふれあいルーム,20699,2142,無,10764,,1216,0,1119,34.812401,137.73663
221390,106,静岡県,浜松市,106,浜名区,浜名4,気賀小学校,浜松市浜名区細江町気賀11529-1,(053)523-0158,,上町、清水、小野、油田、広岡、7区,体育館、南校舎,15979,2679,有,6322,,1083,0,1254,34.810219,137.654433
221390,107,静岡県,浜松市,107,浜名区,浜名5,西気賀小学校,浜松市浜名区細江町気賀9994-1,(053)523-0142,,下村、中区、寸座,体育館、西校舎2階の特別教室,13695,1001,無,6475,,641,0,547,34.8019,137.623849
221390,108,静岡県,浜松市,108,浜名区,浜名6,伊目小学校,浜松市浜名区細江町気賀3241,(053)523-0253,,伊目、老ケ谷,体育館、特別教室,9106,889,無,3651,,743,0,544,34.78735,137.643094
221390,109,静岡県,浜松市,109,浜名区,浜名7,高台幼稚園,浜松市浜名区細江町中川7172-701,(053)523-0879,,湖東,遊戯室、絵本室,4606,363,無,2624,,159,0,174,34.794164,137.685429
221390,110,静岡県,浜松市,110,浜名区,浜名8,中川小学校,浜松市浜名区細江町中川2553,(053)523-0431,,1区、石岡、祝田、刑部、8区、9区,体育館、特別教室,17738,1844,無,8632,,1212,0,1019,34.809569,137.67759
221390,111,静岡県,浜松市,111,浜名区,浜名9,細江中学校,浜松市浜名区細江町気賀7300-1,(053)523-0166,,呉石、跡川,体育館、柔剣道場,41915,3374,無,25532,,2093,965,2144,34.807655,137.646553
221390,112,静岡県,浜松市,112,浜名区,浜名10,井伊谷小学校,浜松市浜名区引佐町井伊谷680,(053)542-0063,,三岳、花平、3区、4区、5区,体育館,14414,1376,有,7729,,977,0,784,34.832293,137.672224
221390,113,静岡県,浜松市,113,浜名区,浜名11,引佐南部中学校,浜松市浜名区引佐町横尾426,(053)542-0062,,6区、7区、東四村,体育館、卓球場、特別教室,49922,2473,無,24076,,1429,608,1503,34.834865,137.662411
221390,114,静岡県,浜松市,114,浜名区,浜名12,金指小学校,浜松市浜名区引佐町金指1369,(053)542-0114,,10区,体育館、特別教室,9611,891,無,5153,,720,0,537,34.821363,137.678341
221390,115,静岡県,浜松市,115,浜名区,浜名13,浜松湖北高等学校,浜松市浜名区引佐町金指1428,(053)542-0016,,11区、12区、13区、14区、15区、16区,体育館、錬志館,98909,14563,無,24650,,2278,0,5614,34.818504,137.677321
221390,116,静岡県,浜松市,116,浜名区,浜名14,奥山小学校,浜松市浜名区引佐町奥山1101-1,(053)543-0310,,馬門、中村、小斎藤、尾沢、奥山、西四村,体育館、特別教室,10482,1273,有,6158,,740,0,671,34.84547,137.629341
221390,117,静岡県,浜松市,117,浜名区,浜名15,奥山体育センター,浜松市浜名区引佐町奥山1550-1,-,,門前、富幕、狩宿、谷沢,全館,4200,244,無,7000,,831,0,358,34.849397,137.622609
221390,118,静岡県,浜松市,118,浜名区,浜名16,（旧）伊平小学校,浜松市浜名区引佐町伊平580-2,-,,伊平、兎荷、東黒田、西黒田,体育館,10118,0,無,5004,,720,0,240,34.864335,137.660346
221390,119,静岡県,浜松市,119,浜名区,浜名17,（旧）川名小学校,浜松市浜名区引佐町川名470-1,-,,川名,体育館,8441,0,無,2770,,754,0,251,34.869998,137.701545
221390,120,静岡県,浜松市,120,浜名区,浜名18,引佐北部小中学校,浜松市浜名区引佐町四方浄134-6,(053)528-3131,,田沢、的場四方浄、別所,体育館、多目的室,8668,618,無,4398,,720,0,446,34.899048,137.655504
221390,121,静岡県,浜松市,121,浜名区,浜名19,（旧）渋川小学校,浜松市浜名区引佐町渋川3484,-,,珍久、元組、渋川東、渋川大西、寺野,管理教室棟1階（旧職員室、旧教室）,5882,111,無,4850,,0,0,37,34.924792,137.688536
221390,122,静岡県,浜松市,122,浜名区,浜名20,（旧）久留女木小学校,浜松市浜名区引佐町西久留女木63-4,-,,久留女木,体育館,10696,270,無,3696,,676,0,315,34.903085,137.698019
221390,123,静岡県,浜松市,123,浜名区,浜名21,三ヶ日東小学校,浜松市浜名区三ヶ日町都筑2266-2,(053)526-7034,,新田、南平、西平、野地、北平、大谷、佐久米、駒場、大崎,体育館、特別教室,11861,1226,有,4239,,1059,0,762,34.793402,137.581936
221390,124,静岡県,浜松市,124,浜名区,浜名22,三ヶ日西小学校,浜松市浜名区三ヶ日町三ヶ日301-1,(053)525-0047,,上神、下神、西町、東町、岡本、御薗、摩訶耶、只木、大福寺,体育館、特別教室,30884,2251,有,13489,,1320,0,1190,34.809213,137.553608
221390,125,静岡県,浜松市,125,浜名区,浜名23,尾奈小学校,浜松市浜名区三ヶ日町下尾奈1431,(053)525-0164,,下尾奈、上尾奈,体育館、特別教室,10069,897,無,3983,,646,0,514,34.784997,137.539245
221390,126,静岡県,浜松市,126,浜名区,浜名24,平山小学校,浜松市浜名区三ヶ日町平山200,(053)525-0136,,長根、平山,体育館、ひなぶ館,11338,866,無,5596,,614,0,493,34.824751,137.536971
221390,127,静岡県,浜松市,127,浜名区,浜名25,三ヶ日支所,浜松市浜名区三ヶ日町三ヶ日500-1,(053)524-1512,,東天、西天、宇志、津々崎、日比沢、釣、本坂、鵺代,第1～第5講座室、第1～第3和室、大会議室,8157,5066,有,1750,,0,0,1689,34.803116,137.556084
221390,128,静岡県,浜松市,128,浜名区,浜名26,浜名中学校,浜松市浜名区小松1762-1,(053)586-2321,,尾島、沖、本町、西向、平口新田、平口法師軒、平口本村、平口姥ヶ谷,体育館、武道場、木工室,26518,3578,無,11992,,2141,583,2100,34.790601,137.762924
221390,129,静岡県,浜松市,129,浜名区,浜名27,浜名小学校,浜松市浜名区小松1450,(053)586-3066,,小松八幡、東町、西町、栄町、南1丁目、南2丁目、南3丁目,体育館、第1理科室、第2理科室、家庭科室,23185,2350,有,12881,,945,0,1098,34.789704,137.768114
221390,130,静岡県,浜松市,130,浜名区,浜名28,内野小学校,浜松市浜名区内野1702,(053)586-4001,,内野上、内野西、内野下、内野小島、染地台1～4丁目、内野台1～4丁目,体育館、図書室、図工室、第2音楽室,26354,2516,有,15425,,886,0,1134,34.784662,137.757389
221390,131,静岡県,浜松市,131,浜名区,浜名29,北浜中学校,浜松市浜名区西美薗279-2,(053)586-3101,,西美薗下、貴布祢第1、貴布祢6区、貴布祢7区,体育館、卓球室、多目的室、第2理科室、第3理科室、小会議室、休養室,29522,3085,有,15925,,1537,0,1541,34.796945,137.790754
221390,132,静岡県,浜松市,132,浜名区,浜名30,北浜東部中学校,浜松市浜名区上善地317,(053)586-3177,,東美薗、油一色、八幡、永島、上善地、八幡団地,体育館、格技場、剣道場、集会室、会議室,25436,2253,有,17032,,1066,360,1226,34.79894,137.808357
221390,133,静岡県,浜松市,133,浜名区,浜名31,北浜小学校,浜松市浜名区横須賀800,(053)586-2990,,高畑、ビレッジハウス高畑、沼第1、沼第2、横須賀,体育館、多目的ホール（2階･3階）、図工室、第2音楽室、くすのきルーム2,27041,2226,無,13826,,1189,0,1138,34.791894,137.791598
221390,134,静岡県,浜松市,134,浜名区,浜名32,北浜北小学校,浜松市浜名区西美薗1588,(053)587-8250,,西美薗中、西美薗上、西美薗大上、美薗団地、本沢合、小林上、道本,体育館、1学年教室、2学年教室、なかよし1～6、図書室、理科室,21060,2409,無,8127,,824,0,1078,34.802743,137.795825
221390,135,静岡県,浜松市,135,浜名区,浜名33,北浜南小学校,浜松市浜名区寺島3010,(053)586-1585,,寺島東、寺島南北、若草団地、中条,体育館、音楽室、図工室、図書室、　1～7学年教室、学習室,21363,1656,有,11585,,860,0,839,34.784313,137.791499
221390,136,静岡県,浜松市,136,浜名区,浜名34,伎倍小学校,浜松市浜名区貴布祢2646,(053)586-8911,,貴布祢5区、貴布祢4区、小林下,体育館、家庭科室、図工室、音楽室、相談室,20673,1719,無,11592,,919,0,879,34.800897,137.783515
221390,137,静岡県,浜松市,137,浜名区,浜名35,北浜東小学校,浜松市浜名区善地1546,(053)586-3319,,善地、高薗,体育館、休養室、コスモスルーム,21627,1269,無,9851,,919,0,729,34.791664,137.81014
221390,138,静岡県,浜松市,138,浜名区,浜名36,浜北北部中学校,浜松市浜名区於呂2961,(053)588-7241,,中瀬3区、中瀬8区、中瀬4区､赤佐1区､赤佐2区､赤佐3区,体育館、視聴覚室、音楽室、第2美術室、第1理科室、第2理科室、第3理科室、進路室、9組,33715,3602,有,18380,,1354,812,1923,34.828616,137.800667
221390,139,静岡県,浜松市,139,浜名区,浜名37,中瀬小学校,浜松市浜名区中瀬3648-1,(053)588-7310,,上島、中瀬2区、中瀬5区、中瀬6区、中瀬7区,体育館、児童会室、なかよしルーム、PTA室、プレイルーム、発達支援教室、図工室、第1音楽室、第2音楽室、5組,22162,2580,無,12517,,1049,0,1210,34.823892,137.81145
221390,140,静岡県,浜松市,140,浜名区,浜名38,赤佐小学校,浜松市浜名区於呂2790,(053)588-7552,,赤佐4区、赤佐5区、赤佐12区､赤佐6区､赤佐7区､赤佐8区,体育館、にこにこ教室1・2、岩水、ひまわり、教育相談室,22139,2484,無,13076,,992,0,1159,34.837531,137.797247
221390,141,静岡県,浜松市,141,浜名区,浜名39,麁玉中学校,浜松市浜名区宮口4847,(053)589-8328,,尾野上、尾野中、尾野下、宮口大屋敷、灰木、堀谷,体育館、武道場、体育準備室、技術室、調理室、保健室,42240,2193,有,26375,,989,311,1164,34.834341,137.768584
221390,142,静岡県,浜松市,142,浜名区,浜名40,麁玉小学校,浜松市浜名区宮口262,(053)589-8313,,宮口町、宮口有隣、宮口野口、宮口梔池、宮口譲栄、宮口辺田原,体育館、図工室、音楽室、図書室、会議室,14257,1594,無,8944,,870,0,821,34.829695,137.770539
221390,143,静岡県,浜松市,143,浜名区,浜名41,新原小学校,浜松市浜名区新原2331,(053)589-8327,,新原東原、新原本村、新原下善,体育館、図工室、図書室、3組、4組,16880,1486,無,9130,,919,0,802,34.81808,137.780511
221390,144,静岡県,浜松市,144,浜名区,浜名42,（旧）大平小学校,浜松市浜名区大平686,-,,大平,旧幼稚園舎,5494,124,無,2740,,0,0,41,34.852886,137.742533
221390,145,静岡県,浜松市,145,天竜区,天竜1,熊小学校,浜松市天竜区熊2153,(053)929-0151,,熊地区自主防災隊,体育館、図工室、ホール、デイサービスセンター、パソコン室,15569,318,有,6763,,651,0,323,34.959508,137.732949
221390,146,静岡県,浜松市,146,天竜区,天竜2,上阿多古小学校,浜松市天竜区西藤平1318,(053)928-0004,,上阿多古地区自主防災隊,体育館、多目的ホール、教育相談室,12092,207,有,8227,,531,0,246,34.912342,137.763542
221390,147,静岡県,浜松市,147,天竜区,天竜3,上阿多古ふれあいセンター,浜松市天竜区西藤平1555,(053)928-0002,,上阿多古地区自主防災隊,体育館、実習室1、実習室2、会議室1、会議室2,7573,153,無,2096,,315,0,156,34.910626,137.761744
221390,148,静岡県,浜松市,148,天竜区,天竜4,下阿多古小学校,浜松市天竜区両島762,(053)926-3511,,下阿多古地区自主防災隊,体育館、1年教室、生活科室,13356,51,無,6841,,539,0,197,34.882928,137.792076
221390,149,静岡県,浜松市,149,天竜区,天竜5,（旧）下阿多古中学校,浜松市天竜区上野948,-,,石神、上野,旧普通・特別教室の一部,14239,893,無,9935,,0,0,298,34.889998,137.7809
221390,150,静岡県,浜松市,150,天竜区,天竜6,二俣小学校,浜松市天竜区二俣町二俣867-1,(053)925-4178,,神明町、諏訪町、中町、吾妻町、新町、西古町、城下、本町、川口、南口、北鹿島、（横町）、（皆原）,体育館、学習室、図工室、音楽室、多目的ルーム、普通教室,20568,2261,有,10800,,945,0,1069,34.864279,137.812381
221390,151,静岡県,浜松市,151,天竜区,天竜7,清竜中学校,浜松市天竜区二俣町鹿島525,(053)926-3741,,西鹿島、（北鹿島）,体育館、特別教室、翔龍館、技術室、プレイルーム,24064,567,有,12121,,1228,327,707,34.849983,137.809225
221390,152,静岡県,浜松市,152,天竜区,天竜8,天竜高校,浜松市天竜区二俣町二俣601,(053)925-3139,,大園、笹岡、車道、横町、皆原,第1体育館、武道場、多目的体育館、同窓会館,41346,328,無,13990,,1722,447,832,34.869346,137.812252
221390,153,静岡県,浜松市,153,天竜区,天竜9,光明小学校,浜松市天竜区山東2550,(053)925-3032,,北嶺、相生、山王、水ケ谷,体育館、音楽室、図書室、普通教室、図工室、生活科室,18031,269,有,9120,,725,0,331,34.877774,137.82457
221390,154,静岡県,浜松市,154,天竜区,天竜10,（旧）鏡山小学校,浜松市天竜区只来97-3,-,,只来、下百古里、上百古里、横川、大平,体育館、図工室、音楽室、普通教室、相談室,11479,207,無,3820,,415,0,207,34.893391,137.859905
221390,155,静岡県,浜松市,155,天竜区,天竜11,光が丘中学校,浜松市天竜区山東2701,(053)925-3041,,八幡、栄町、大谷、船明,体育館、格技場、普通教室、多目的ホール,33353,936,無,16842,,1978,326,1080,34.875504,137.823072
221390,156,静岡県,浜松市,156,天竜区,天竜12,横山小学校,浜松市天竜区横山町547,(053)923-0073,,竜川地区自主防災隊,体育館、音楽室、学習室Ⅱ、集会室、図工室、学習室1、普通教室（一部）,14415,229,有,9953,,543,0,257,34.942974,137.817268
221390,157,静岡県,浜松市,157,天竜区,天竜13,天竜壬生ホール,浜松市天竜区二俣町二俣20-2,(053)922-3301,,旭町、阿蔵,リハーサル室、ホール客席,16300,643,無,0,,0,0,214,34.858741,137.815896
221390,158,静岡県,浜松市,158,天竜区,天竜14,天竜特別支援学校,浜松市天竜区渡ケ島201-2,(053)926-2255,,請留,体育館、図書室、視聴覚室、音楽室、図工室、被服室,29441,0,無,4375,,500,0,167,34.857729,137.798225
221390,159,静岡県,浜松市,159,天竜区,天竜15,犬居小学校,浜松市天竜区春野町堀之内993-1,(053)985-0017,,若身、昭和、平尾、平野、静修、胡桃平、和泉平、砂川、大時,体育館、図工室、音楽室、すみれ学級、児童会室、普通教室、理科室、用務員室,11835,1258,有,4150,,733,0,664,34.95951,137.897552
221390,160,静岡県,浜松市,160,天竜区,天竜16,（旧）熊切小学校,浜松市天竜区春野町石打松下211-1,-,,長蔵寺、熊切、筏戸大上、五和、越木平、田河内、花島,体育館、なかよしホール,10238,102,無,7998,,770,0,291,34.998354,137.939637
221390,161,静岡県,浜松市,161,天竜区,天竜17,（旧）春野北小学校,浜松市天竜区春野町杉242-2,-,,杉第一、杉第二、杉第三、川上第一、川上第二,体育館、食堂棟,8363,624,有,7038,,733,0,452,35.031801,137.980133
221390,162,静岡県,浜松市,162,天竜区,天竜18,気田小学校,浜松市天竜区春野町気田603-1,(053)989-0044,,平木、仇山、気田下区、気田中央区、気田上区、金川、郷島、山路、赤岡、篠原、野尻、植田、勝坂、石切,体育館、図書室、2年生教室、図工室、ほほえみ教室,16812,261,無,5498,,1109,0,457,35.003817,137.905707
221390,163,静岡県,浜松市,163,天竜区,天竜19,天竜高校春野校舎,浜松市天竜区春野町堀之内284,(053)985-0306,,東領家、西領家、犬居,体育館、柔剣道場、立志舘,41727,779,無,15552,,717,727,741,34.959014,137.88838
221390,164,静岡県,浜松市,164,天竜区,天竜20,春野防災センター,浜松市天竜区春野町宮川1467-2,(053)983-0119,,河内、高瀬、久保田、里原,会議室、和室,1174,261,無,0,,0,0,87,34.981622,137.896679
221390,165,静岡県,浜松市,165,天竜区,天竜21,（旧）浦川小学校,浜松市天竜区佐久間町浦川2819,(053)967-3802,,浦川地区各自主防災隊,体育館、学習室、休養室、相談室,9266,65,無,5575,,535,0,200,35.055087,137.76476
221390,166,静岡県,浜松市,166,天竜区,天竜22,浦川ふれあいセンター,浜松市天竜区佐久間町浦川2794-1,(053)967-2002,,浦川地区各自主防災隊,講座室、会議室、和室、図書室（ロビー）,10573,280,無,6676,,0,0,93,35.052311,137.761912
221390,167,静岡県,浜松市,167,天竜区,天竜23,（旧）佐久間中学校,浜松市天竜区佐久間町佐久間2410,-,,佐久間地区各自主防災隊,旧佐久間中学校体育館、教室等,19612,3368,無,8331,,830,392,1399,35.091606,137.810538
221390,168,静岡県,浜松市,168,天竜区,天竜24,佐久間小学校,浜松市天竜区佐久間町半場50-1,(053)965-0024,,佐久間地区各自主防災隊,体育館、山びこ教室、生活科室、会議室,18456,1032,無,8500,,541,0,524,35.088248,137.803385
221390,169,静岡県,浜松市,169,天竜区,天竜25,山香ふれあいセンター,浜松市天竜区佐久間町大井2415-1,(053)964-0004,,山香地区各自主防災隊,会議室、和室,673,185,無,0,,0,0,62,35.079478,137.841672
221390,170,静岡県,浜松市,170,天竜区,天竜26,佐久間中学校／湖北高校佐久間分校,浜松市天竜区佐久間町中部683-1,(053)965-0237,（佐久間中学校）,佐久間地区各自主防災隊,佐久間中学校体育館、湖北高校佐久間分校体育館、武道場,61227,0,無,35135,,2488,549,1012,35.079878,137.795679
221390,171,静岡県,浜松市,171,天竜区,天竜27,城西ふれあいセンター,浜松市天竜区佐久間町奥領家1528-4,(053)987-0011,,城西地区各自主防災隊,会議室、和室,1006,246,有,0,,0,0,82,35.140511,137.860989
221390,172,静岡県,浜松市,172,天竜区,天竜28,水窪小学校,浜松市天竜区水窪町奥領家2697-1,(053)987-0007,,神原,体育館、図書室、休養室、家庭科室、かしの木ルーム、よらんかねルーム,11564,0,無,4734,,537,0,179,35.161127,137.868315
221390,173,静岡県,浜松市,173,天竜区,天竜29,（旧）西浦小学校,浜松市天竜区水窪町奥領家5296-18,-,,西浦、草木,理科室、集会場,5315,217,無,3331,,0,0,72,35.211879,137.891323
221390,174,静岡県,浜松市,174,天竜区,天竜30,水窪中学校,浜松市天竜区水窪町地頭方366,(053)987-0025,,向市場、上村、向島,体育館,11425,0,無,6103,,834,0,278,35.153661,137.870811
221390,175,静岡県,浜松市,175,天竜区,天竜31,水窪文化会館,浜松市天竜区水窪町奥領家3274-1,(053)982-0013,,小畑、竜戸、長尾、大野、向島,ホール、舞台、視聴覚室、音楽準備室,1934,732,無,0,,0,0,244,35.16641,137.869093
221390,176,静岡県,浜松市,176,天竜区,天竜32,水窪総合体育館,浜松市天竜区水窪町地頭方241-3,(053)982-0012,,水窪、向市場、門桁,体育室,8062,0,有,0,,1421,0,474,35.154997,137.868876
221390,177,静岡県,浜松市,177,天竜区,天竜33,（旧）龍山第一小学校,浜松市天竜区龍山町大嶺565-5,-,,大嶺地区各自主防災隊,全教室,2980,1844,無,2304,,0,0,615,34.970323,137.825204
221390,178,静岡県,浜松市,178,天竜区,天竜34,龍山高齢者コミュニティセンター,浜松市天竜区龍山町大嶺1279-3,-,,白倉地区各自主防災隊,全室,446,254,無,0,,0,0,85,34.990646,137.782638
221390,179,静岡県,浜松市,179,天竜区,天竜35,龍山健康増進センター,浜松市天竜区龍山町戸倉217-1,(053)969-0002,,戸倉地区各自主防災隊,全室,925,0,無,0,,925,0,308,34.966673,137.837367
221390,180,静岡県,浜松市,180,天竜区,天竜36,龍山保健センター,浜松市天竜区龍山町戸倉711-2,(053)969-0082,,戸倉地区各自主防災隊,活動室、研修室、和室、歯科検診室,3242,183,有,0,,0,0,61,34.978455,137.830485
221390,181,静岡県,浜松市,181,天竜区,天竜37,龍山老人福祉センター,浜松市天竜区龍山町下平山248-2,-,,下平山地区自主防災隊,全室,330,167,無,0,,0,0,56,35.008944,137.84105
221390,182,静岡県,浜松市,182,天竜区,天竜38,龍山森林文化会館,浜松市天竜区龍山町瀬尻982-2,(053)968-0331,,瀬尻地区各自主防災隊,ホール、和室、学習室、研修室等,2234,1491,無,0,,0,0,497,35.023404,137.840166
